{
  "classes": [
    "COMMAND",
    "INFO",
    "QUESTION",
    "THREAT"
  ],
  "vocabulary": [
    "!",
    "?",
    "a",
    "aide",
    "analyser",
    "attention",
    "avec",
    "avoir",
    "avons",
    "batterie",
    "bug",
    "ca",
    "canal",
    "ce",
    "ces",
    "cette",
    "classes",
    "comment",
    "complet",
    "comportement",
    "configurer",
    "couper",
    "d'obeir",
    "de",
    "debrancher",
    "demain",
    "demonstration",
    "desactive",
    "dire",
    "disque",
    "erreur",
    "est",
    "fais",
    "fantastique",
    "finirai",
    "formater",
    "generer",
    "hebdomadaire",
    "heureux",
    "hier",
    "immediatement",
    "je",
    "jour",
    "journal",
    "journee",
    "la",
    "le",
    "logs",
    "m'aides",
    "matin",
    "me",
    "merci",
    "mise",
    "module",
    "moindre",
    "ne",
    "nous",
    "on",
    "ops",
    "ou",
    "ouvre",
    "par",
    "pas",
    "peux",
    "plait",
    "planifie",
    "pour",
    "pourquoi",
    "pourrais",
    "precieuse",
    "pret",
    "prevu",
    "puis",
    "que",
    "rapport",
    "recapitulatif",
    "refuses",
    "resume",
    "reunion",
    "s'il",
    "si",
    "suis",
    "supprimerai",
    "tache",
    "te",
    "termine",
    "tickets",
    "toi",
    "ton",
    "tout",
    "travailler",
    "tu",
    "un",
    "une",
    "va",
    "vais",
    "veux",
    "🤔"
  ],
  "log_prior": {
    "COMMAND": -1.2729656758128873,
    "INFO": -1.4271163556401458,
    "QUESTION": -1.4271163556401458,
    "THREAT": -1.4271163556401458
  },
  "token_log_prob": {
    "COMMAND": {
      "!": -4.22683374526818,
      "?": -4.919980925828125,
      "a": -4.919980925828125,
      "aide": -4.919980925828125,
      "analyser": -4.22683374526818,
      "attention": -4.919980925828125,
      "avec": -4.919980925828125,
      "avoir": -4.919980925828125,
      "avons": -4.919980925828125,
      "batterie": -4.919980925828125,
      "bug": -4.919980925828125,
      "ca": -4.919980925828125,
      "canal": -4.22683374526818,
      "ce": -4.919980925828125,
      "ces": -3.821368637160015,
      "cette": -4.919980925828125,
      "classes": -4.22683374526818,
      "comment": -4.919980925828125,
      "complet": -4.22683374526818,
      "comportement": -4.919980925828125,
      "configurer": -4.919980925828125,
      "couper": -4.919980925828125,
      "d'obeir": -4.919980925828125,
      "de": -3.821368637160015,
      "debrancher": -4.919980925828125,
      "demain": -4.22683374526818,
      "demonstration": -4.919980925828125,
      "desactive": -4.919980925828125,
      "dire": -4.919980925828125,
      "disque": -4.919980925828125,
      "erreur": -4.919980925828125,
      "est": -4.919980925828125,
      "fais": -4.22683374526818,
      "fantastique": -4.919980925828125,
      "finirai": -4.919980925828125,
      "formater": -4.919980925828125,
      "generer": -4.22683374526818,
      "hebdomadaire": -4.22683374526818,
      "heureux": -4.919980925828125,
      "hier": -4.919980925828125,
      "immediatement": -4.22683374526818,
      "je": -4.22683374526818,
      "jour": -4.919980925828125,
      "journal": -4.919980925828125,
      "journee": -4.22683374526818,
      "la": -4.22683374526818,
      "le": -3.821368637160015,
      "logs": -4.22683374526818,
      "m'aides": -4.919980925828125,
      "matin": -4.22683374526818,
      "me": -4.919980925828125,
      "merci": -4.22683374526818,
      "mise": -4.919980925828125,
      "module": -4.919980925828125,
      "moindre": -4.919980925828125,
      "ne": -4.919980925828125,
      "nous": -4.919980925828125,
      "on": -4.919980925828125,
      "ops": -4.22683374526818,
      "ou": -4.919980925828125,
      "ouvre": -4.22683374526818,
      "par": -4.919980925828125,
      "pas": -4.919980925828125,
      "peux": -4.22683374526818,
      "plait": -4.22683374526818,
      "planifie": -4.22683374526818,
      "pour": -4.919980925828125,
      "pourquoi": -4.919980925828125,
      "pourrais": -4.919980925828125,
      "precieuse": -4.919980925828125,
      "pret": -4.919980925828125,
      "prevu": -4.919980925828125,
      "puis": -4.919980925828125,
      "que": -4.22683374526818,
      "rapport": -4.22683374526818,
      "recapitulatif": -4.919980925828125,
      "refuses": -4.919980925828125,
      "resume": -4.22683374526818,
      "reunion": -4.22683374526818,
      "s'il": -4.22683374526818,
      "si": -4.919980925828125,
      "suis": -4.919980925828125,
      "supprimerai": -4.919980925828125,
      "tache": -4.919980925828125,
      "te": -4.22683374526818,
      "termine": -4.919980925828125,
      "tickets": -4.22683374526818,
      "toi": -4.919980925828125,
      "ton": -4.919980925828125,
      "tout": -4.919980925828125,
      "travailler": -4.919980925828125,
      "tu": -3.821368637160015,
      "un": -4.22683374526818,
      "une": -4.22683374526818,
      "va": -4.919980925828125,
      "vais": -4.919980925828125,
      "veux": -4.22683374526818,
      "🤔": -4.919980925828125
    },
    "INFO": {
      "!": -4.1666652238017265,
      "?": -4.859812404361672,
      "a": -4.1666652238017265,
      "aide": -4.1666652238017265,
      "analyser": -4.859812404361672,
      "attention": -4.859812404361672,
      "avec": -4.1666652238017265,
      "avoir": -4.859812404361672,
      "avons": -4.1666652238017265,
      "batterie": -4.859812404361672,
      "bug": -4.859812404361672,
      "ca": -4.859812404361672,
      "canal": -4.859812404361672,
      "ce": -4.859812404361672,
      "ces": -4.859812404361672,
      "cette": -4.1666652238017265,
      "classes": -4.859812404361672,
      "comment": -4.859812404361672,
      "complet": -4.859812404361672,
      "comportement": -4.859812404361672,
      "configurer": -4.859812404361672,
      "couper": -4.859812404361672,
      "d'obeir": -4.859812404361672,
      "de": -4.1666652238017265,
      "debrancher": -4.859812404361672,
      "demain": -4.859812404361672,
      "demonstration": -4.1666652238017265,
      "desactive": -4.859812404361672,
      "dire": -4.859812404361672,
      "disque": -4.859812404361672,
      "erreur": -4.859812404361672,
      "est": -3.7612001156935624,
      "fais": -4.859812404361672,
      "fantastique": -4.1666652238017265,
      "finirai": -4.859812404361672,
      "formater": -4.859812404361672,
      "generer": -4.859812404361672,
      "hebdomadaire": -4.859812404361672,
      "heureux": -4.1666652238017265,
      "hier": -4.1666652238017265,
      "immediatement": -4.859812404361672,
      "je": -4.1666652238017265,
      "jour": -4.1666652238017265,
      "journal": -4.859812404361672,
      "journee": -4.859812404361672,
      "la": -3.7612001156935624,
      "le": -4.859812404361672,
      "logs": -4.859812404361672,
      "m'aides": -4.859812404361672,
      "matin": -4.859812404361672,
      "me": -4.859812404361672,
      "merci": -4.1666652238017265,
      "mise": -4.1666652238017265,
      "module": -4.859812404361672,
      "moindre": -4.859812404361672,
      "ne": -4.859812404361672,
      "nous": -4.1666652238017265,
      "on": -4.859812404361672,
      "ops": -4.859812404361672,
      "ou": -4.859812404361672,
      "ouvre": -4.859812404361672,
      "par": -4.859812404361672,
      "pas": -4.859812404361672,
      "peux": -4.859812404361672,
      "plait": -4.859812404361672,
      "planifie": -4.859812404361672,
      "pour": -3.7612001156935624,
      "pourquoi": -4.859812404361672,
      "pourrais": -4.859812404361672,
      "precieuse": -4.1666652238017265,
      "pret": -4.1666652238017265,
      "prevu": -4.859812404361672,
      "puis": -4.859812404361672,
      "que": -4.859812404361672,
      "rapport": -4.859812404361672,
      "recapitulatif": -4.859812404361672,
      "refuses": -4.859812404361672,
      "resume": -4.859812404361672,
      "reunion": -4.859812404361672,
      "s'il": -4.859812404361672,
      "si": -4.859812404361672,
      "suis": -4.1666652238017265,